{
  "operational-step-declaration": {
    "mean": 0.8311999999999999,
    "ci_95": 0.01882416489515532,
    "runs": [
      0.8560000000000001,
      0.8399999999999995,
      0.8419999999999999,
      0.804,
      0.8140000000000001
    ]
  },
  "background-knowledge-assertion": {
    "mean": 0.7756000000000001,
    "ci_95": 0.02307145630427348,
    "runs": [
      0.7699999999999999,
      0.758,
      0.8220000000000001,
      0.7619999999999999,
      0.7660000000000003
    ]
  },
  "conditional-rule-application-/-interim-conclusion": {
    "mean": 0.7348,
    "ci_95": 0.02270894942528159,
    "runs": [
      0.7639999999999998,
      0.7560000000000001,
      0.7040000000000001,
      0.736,
      0.7140000000000001
    ]
  },
  "formula/principle-recall": {
    "mean": 0.7315999999999999,
    "ci_95": 0.03368464006041917,
    "runs": [
      0.672,
      0.7739999999999998,
      0.7439999999999999,
      0.72,
      0.7480000000000001
    ]
  },
  "intermediate-computation-/-local-deduction": {
    "mean": 0.6960000000000002,
    "ci_95": 0.04467768301960158,
    "runs": [
      0.7140000000000001,
      0.6080000000000002,
      0.7140000000000001,
      0.7400000000000001,
      0.7040000000000001
    ]
  },
  "integrative-summary-/-final-conclusion-statements": {
    "mean": 0.6652,
    "ci_95": 0.049686676523993785,
    "runs": [
      0.628,
      0.7019999999999998,
      0.5920000000000002,
      0.6699999999999998,
      0.7340000000000001
    ]
  },
  "stepwise-plan-declaration": {
    "mean": 0.6584000000000001,
    "ci_95": 0.030751394374889735,
    "runs": [
      0.6140000000000001,
      0.6880000000000003,
      0.6980000000000001,
      0.6360000000000002,
      0.6560000000000002
    ]
  },
  "unit-conversion-/-dimensional-consistency-reasoning": {
    "mean": 0.6472000000000001,
    "ci_95": 0.0418284389381196,
    "runs": [
      0.6580000000000001,
      0.6439999999999999,
      0.7200000000000002,
      0.5920000000000002,
      0.6220000000000002
    ]
  },
  "consequence-/-illustration-elaboration": {
    "mean": 0.6424,
    "ci_95": 0.017460509041834923,
    "runs": [
      0.654,
      0.6240000000000001,
      0.6539999999999999,
      0.618,
      0.662
    ]
  },
  "problem-decomposition-intent-statement": {
    "mean": 0.6328000000000001,
    "ci_95": 0.05040821266420776,
    "runs": [
      0.6580000000000001,
      0.5820000000000001,
      0.618,
      0.72,
      0.5860000000000002
    ]
  },
  "intermediate-equation-manipulation": {
    "mean": 0.6324000000000002,
    "ci_95": 0.03663470180034229,
    "runs": [
      0.5940000000000001,
      0.6660000000000003,
      0.6880000000000002,
      0.6080000000000001,
      0.6060000000000002
    ]
  },
  "background-knowledge-retrieval": {
    "mean": 0.6260000000000001,
    "ci_95": 0.020368917497010048,
    "runs": [
      0.6560000000000002,
      0.6340000000000001,
      0.6280000000000002,
      0.6200000000000001,
      0.5920000000000001
    ]
  },
  "numeric-parameter-assignment-and-constant-recall": {
    "mean": 0.6200000000000001,
    "ci_95": 0.015433055433063163,
    "runs": [
      0.61,
      0.6480000000000001,
      0.6120000000000001,
      0.6040000000000002,
      0.6260000000000002
    ]
  },
  "conditional-causal-elaboration": {
    "mean": 0.6172000000000001,
    "ci_95": 0.05223464352324043,
    "runs": [
      0.6480000000000001,
      0.662,
      0.528,
      0.6640000000000001,
      0.5840000000000001
    ]
  },
  "derived-result-assertion": {
    "mean": 0.6124000000000002,
    "ci_95": 0.031710837516533676,
    "runs": [
      0.5520000000000002,
      0.6260000000000001,
      0.6120000000000001,
      0.6240000000000002,
      0.6480000000000001
    ]
  },
  "prior-knowledge-recall": {
    "mean": 0.6116000000000001,
    "ci_95": 0.03701028095002794,
    "runs": [
      0.5940000000000001,
      0.6000000000000001,
      0.6840000000000002,
      0.6060000000000001,
      0.5740000000000002
    ]
  },
  "premise-restatement-/-extraction-of-given-facts": {
    "mean": 0.5924000000000001,
    "ci_95": 0.011184028612266639,
    "runs": [
      0.5940000000000001,
      0.6020000000000001,
      0.5720000000000003,
      0.5900000000000002,
      0.6040000000000002
    ]
  },
  "evidence-weighted-hypothesis-evaluation": {
    "mean": 0.5884,
    "ci_95": 0.01917997956203291,
    "runs": [
      0.59,
      0.566,
      0.5720000000000001,
      0.5920000000000001,
      0.622
    ]
  },
  "explicit-intermediate-calculation-execution": {
    "mean": 0.5872000000000002,
    "ci_95": 0.009729184138456854,
    "runs": [
      0.5800000000000002,
      0.5940000000000001,
      0.5860000000000002,
      0.5740000000000001,
      0.6020000000000002
    ]
  },
  "problem-restatement-&-task-focus-clarification": {
    "mean": 0.58,
    "ci_95": 0.04778542706725557,
    "runs": [
      0.55,
      0.5319999999999999,
      0.542,
      0.622,
      0.654
    ]
  },
  "enumerating-additional-considerations": {
    "mean": 0.5744000000000001,
    "ci_95": 0.03996477969412564,
    "runs": [
      0.5480000000000002,
      0.654,
      0.5560000000000002,
      0.544,
      0.5700000000000002
    ]
  },
  "metacognitive-uncertainty-flagging": {
    "mean": 0.5284000000000001,
    "ci_95": 0.024773655685021552,
    "runs": [
      0.5520000000000002,
      0.5380000000000001,
      0.5539999999999999,
      0.49000000000000005,
      0.508
    ]
  },
  "retrieval-of-standard-mathematical-facts": {
    "mean": 0.5264000000000001,
    "ci_95": 0.04342892971280786,
    "runs": [
      0.4980000000000001,
      0.508,
      0.54,
      0.48,
      0.6060000000000002
    ]
  },
  "local-justification-/-\u201cbecause-so\u201d-inference-links": {
    "mean": 0.5228,
    "ci_95": 0.05494436225856117,
    "runs": [
      0.486,
      0.562,
      0.5760000000000003,
      0.56,
      0.43000000000000016
    ]
  },
  "intermediate-self-evaluation-/-consistency-check": {
    "mean": 0.5075999999999999,
    "ci_95": 0.018403137123870993,
    "runs": [
      0.508,
      0.4720000000000001,
      0.524,
      0.5219999999999999,
      0.5120000000000001
    ]
  },
  "metacognitive-self-instruction": {
    "mean": 0.49640000000000006,
    "ci_95": 0.053539221660386466,
    "runs": [
      0.44000000000000017,
      0.42400000000000004,
      0.5140000000000001,
      0.5539999999999999,
      0.55
    ]
  },
  "alternative-hypothesis-enumeration": {
    "mean": 0.3652000000000001,
    "ci_95": 0.02648829598143297,
    "runs": [
      0.41,
      0.3460000000000001,
      0.38000000000000006,
      0.3560000000000001,
      0.3340000000000001
    ]
  },
  "self-monitoring-/-error-checking-interjection": {
    "mean": 0.36079999999999995,
    "ci_95": 0.031812436310348836,
    "runs": [
      0.314,
      0.4040000000000001,
      0.33399999999999996,
      0.37199999999999994,
      0.37999999999999995
    ]
  },
  "scratchpad-fact-&-sub-result-logging": {
    "mean": 0.25560000000000005,
    "ci_95": 0.02825120910686832,
    "runs": [
      0.20600000000000002,
      0.2620000000000001,
      0.254,
      0.26,
      0.296
    ]
  },
  "problem-restatement-/-task-acknowledgment": {
    "mean": 0.236,
    "ci_95": 0.03551874772567298,
    "runs": [
      0.3,
      0.22,
      0.21199999999999997,
      0.198,
      0.25
    ]
  }
}